<?xml version="1.0" encoding="ISO-8859-1"?>
<image_list>
 <image>
  <name>Polignano</name>
  <file>polignano.jpg</file>
  <description>Sky at Polignano a Mare, Italy.</description>
  <author>Jose G Moya Y</author>
  <license>Creative Commons Attribution-Noncommercial-Sharealike</license>
  <originalurl>http://www.flickr.com/photos/josemoya/72120074/in/set-1550315/</originalurl>
 </image>
 <image>
  <name>Dianthus barbatus</name>
  <file>spring_flowers.jpg</file>
  <description>Spring Flowers (Dianthus barbatus)</description>
  <author>Autogyro at en.wikipedia.org (N.M. Bashour)</author>
  <license>Creative Commons Attribution-Sharealike 3.0
GNU FDL 1.2</license>
  <originalurl>http://commons.wikimedia.org/wiki/File:Spring_Flowers.JPG</originalurl>
 </image>
 <image>
   <name>Cherry Tree</name>
   <file>fruhling_bluhender_kirschenbaum.jpg</file>
   <description>Wild Cherry (Prunus avium) in flower.</description> 
   <author>Benjamin Gimmel, BenHur of Wikipedia</author> 
   <license>Creative Commons Attribution-Sharealike 3.0 GNU FDL 1.2</license> 
   <originalurl>http://commons.wikimedia.org/wiki/File:Fr%C3%BChling_bl%C3%BChender_Kirschenbaum.jpg</originalurl> 
 </image>
 <image>
   <name>Toledo</name>
   <file>view_of_toledo_cropped_from_wikipedia.jpg</file> 
   <description>View of the historical city of Toledo, Spain.
(This photo was a Spanish finalist for Wiki Loves Monuments 2013)</description> 
   <author>Dan Vaquerizo Molina</author> 
   <license>Creative Commons Attribution-Sharealike 3.0 Spain</license> 
   <originalurl>http://www.wikilm.es/en/Archivo:Toledo_-_Espa%C3%B1a.jpg</originalurl> 
 </image>
</image_list>